first_touch_channel,signups,activation_rate,trial_to_paid,retained_90d,revenue,avg_revenue,spend,cac,roas
Referral,1478,0.5284167794316644,0.4783491204330176,0.8161244695898161,897166.0,607.0135317997293,130738.29000000001,184.91978783592646,6.862304838161796
Organic Search,2604,0.5138248847926268,0.4558371735791091,0.8079191238416176,1267995.0,486.9412442396313,185054.45,155.90096882898064,6.852010313721177
Email,977,0.5076765609007164,0.4779938587512794,0.8008565310492506,420957.0,430.86693961105425,173682.37,371.91085653104926,2.4237175022427437
Partner,1013,0.5399802566633761,0.4827245804540967,0.7893660531697342,647462.0,639.1530108588352,328719.25,672.2275051124744,1.969650393154645
Paid Search,2379,0.5300546448087432,0.46700294241277845,0.819081908190819,927902.0,390.0386717108029,1176634.69,1059.0771287128712,0.7886067000115389
Paid Social,2098,0.5076263107721639,0.4680648236415634,0.8126272912423625,490565.0,233.8250714966635,1222383.24,1244.789450101833,0.40131849320839835
Direct,1451,0.5120606478290833,0.46450723638869745,0.8293768545994066,715085.0,492.82219159200554,0.0,0.0,
